country,ccode,ccode_gw,ccode_polity,year,month,day,coup,version,Contributor,Status,Link to Narrative,~ Time to complete,Other sources to consider. ,Other sources to consider. ,Other sources to consider. ,Other sources to consider. ,Other sources to consider. ,Other sources to consider. ,Other sources to consider. ,,,,,,,,,
Benin,434,,,2025,12,7,1,V2026.01.13,Tucker,Complete,12-2025 Coup Attempt,,,,,,,,,,,,,,,,,
Guinea-Bissau,404,,,2025,11,26,2,V2026.01.13,,Need to be reviewed ,Guinea-Bissau 11/25,,,,,,,,,,,,,,,,,Reece
Madagascar,580,,,2025,10,12,2,V2026.01.13,Tucker,Complete,10-2025 Madagascar Coup Attempt,,,,,,,,,,,,,,,,,Tucker
Bangladesh,771,,,2024,8,5,2,V2026.01.13,Reece,Research,,,,,,,,,,,,,,,,,,N/A
Bolivia,145,,,2024,6,26,1,V2026.01.13,Tucker,Complete,Bolivia 2024 Coup Attempt,,,,,,,,,,,,,,,,,
Gabon,481,,,2023,8,30,2,V2026.01.13,Tucker,Complete,2023 Gabon Coup Attempt,,,,,,,,,,,,,,,,,
Niger,436,,,2023,7,26,2,V2026.01.13,Tucker,Complete,Niger 2023 Coup Attempt,,,,,,,,,,,,,,,,,
Sudan,625,,626,2023,4,15,1,V2026.01.13,Tucker,Complete,2023 Sudan Coup Attempt.docx,,https://www.hurstpublishers.com/book/sudans-unfinished-democracy/,https://books.google.com/books/about/Sudan_at_War_A_Nation_Divided.html?id=7Hu20QEACAAJ,,,,,,,,,,,,,,
Burkina Faso,439,,,2022,1,23,2,V2026.01.13,Reece,Complete,Burkina Faso 1-24-22 AI.docx,,,,,,,,,,,,,,,,,Research
Burkina Faso,439,,,2022,9,30,2,V2026.01.13,Reece,Complete,Burkina Faso 9-30-22,,,,,,,,,,,,,,,,,Drafting
Guinea-Bissau,404,,,2022,2,1,1,V2026.01.13,,Need to be reviewed ,Guinea-Bissau 2/22,,,,,,,,,,,,,,,,,Need to be fact checked
Sao Tome and Principe,403,,,2022,11,25,1,V2026.01.13,Tucker,Complete,2022 Sao Tome and Principe Coup Attempt,,,,,,,,,,,,,,,,,Need to be reviewed 
Chad,483,,,2021,4,20,2,V2026.01.13,Tucker,Complete,2021 Chad Coup Attempt,,,,,,,,,,,,,,,,,Complete
Guinea,438,,,2021,9,5,2,V2026.01.13,Tucker,Complete,2021 Guinea Coup Attempt,,,,,,,,,,,,,,,,,
Mali,432,,,2021,5,21,2,V2026.01.13,Reece,Complete,Mali 5-21-21,,,,,,,,,,,,,,,,,
Myanmar,775,,,2021,2,1,2,V2026.01.13,Reece,Complete,Myanmar 2-21,,,,,,,,,,,,,,,,,
Niger,436,,,2021,3,31,1,V2026.01.13,Reece,Complete,Niger 3-31-21,,,,,,,,,,,,,,,,,
Sudan,625,,626,2021,9,21,1,V2026.01.13,Reece,Complete,Sudan 9-21-21,,,,,,,,,,,,,,,,,
Sudan,625,,626,2021,10,25,2,V2026.01.13,Reece,Complete,Sudan 10-25,,,,,,,,,,,,,,,,,
Mali,432,,,2020,8,18,2,V2026.01.13,Reece,Need to be fact checked,Mali 8-18,,,,,,,,,,,,,,,,,
Gabon,481,,,2019,1,7,1,V2026.01.13,Tucker,Need to be fact checked,2019 Gabon Coup Attempt,Could benefit from another source or two,,,,,,,,,,,,,,,,
Sudan,625,,626,2019,4,11,2,V2026.01.13,Tucker,Need to be fact checked,Sudan 2019 Coup Attempt,,,,,,,,,,,,,,,,,
Zimbabwe,552,,,2017,11,15,2,V2026.01.13,Tucker,Need to be fact checked,Zimbabwe 2017 Coup Attempt,,,,,,,,,,,,,,,,,
Turkey,640,,,2016,7,15,1,V2026.01.13,Reece,Drafting,Turkey 2016.docx, ~3 hours,,,,,,,,,,,,,,,,
Burkina Faso,439,,,2015,9,17,1,V2026.01.13,Reece,Need to be fact checked,Burkina Faso 9-17-15.docx,,,,,,,,,,,,,,,,,
Burundi,516,,,2015,5,13,1,V2026.01.13,Tucker,Need to be fact checked,Burundi 2014 Coup Attempt,,,,,,,,,,,,,,,,,
Burkina Faso,439,,,2014,10,30,2,V2026.01.13,Tucker,Need to be fact checked,Burkina Faso 2014 Coup Attempt,,,,,,,,,,,,,,,,,
Lesotho,570,,,2014,8,30,1,V2026.01.13,Tucker,Need to be fact checked,Lesotho 2014 Coup Attempt,,,,,,,,,,,,,,,,,
Thailand,800,,,2014,5,22,2,V2026.01.13,Tucker,Need to be fact checked,Thailand 2014 Coup Attempt,,,,,,,,,,,,,,,,,
Ukraine,369,,,2014,2,22,2,V2026.01.13,Reece,Need to be fact checked,Ukraine 2-22-2014.docx,,,,,,,,,,,,,,,,,
Egypt,651,,,2013,7,3,2,V2026.01.13,Reece,Need to be reviewed ,Egypt 2013,~90 minutes,,,,,,,,,,,,,,,,
Guinea-Bissau,404,,,2012,4,12,2,V2026.01.13,Tucker,Need to be fact checked,Guinea-Bassau 2012 Coup Attempt,,,,,,,,,,,,,,,,,
Maldives,781,,,2012,2,7,2,V2026.01.13,Tucker,Need to be fact checked,Maldives 2012 Coup Attempt,,,,,,,,,,,,,,,,,
Mali,432,,,2012,3,22,2,V2026.01.13,Tucker,Need to be fact checked,Mali March 2012 Coup attempt,,,,,,,,,,,,,,,,,
Mali,432,,,2012,5,1,1,V2026.01.13,Tucker,Need to be fact checked,Mali May 2012 Coup Attempt,,,,,,,,,,,,,,,,,
Papua New Guinea,910,,,2012,1,26,1,V2026.01.13,Tucker,Need to be fact checked,Papua New Guinea 2012 Coup Attempt,,,,,,,,,,,,,,,,,
Sudan,625,,626,2012,11,22,1,V2026.01.13,Tucker,Need to be fact checked,Sudan 2012 Coup Attempt,,,,,,,,,,,,,,,,,
Egypt,651,,,2011,2,11,2,V2026.01.13,Reece,Need to be fact checked,EGYPT 2-11-11.docx,,,,,,,,,,,,,,,,,
Guinea,438,,,2011,7,19,1,V2026.01.13,Tucker,Need to be fact checked,,,,,,,,,,,,,,,,,,
Guinea-Bissau,404,,,2010,4,1,1,V2026.01.13,Tucker,Need to be fact checked,Guinea-Bissau 2010ĀCoup Attempt,,,,,,,,,,,,,,,,,
Madagascar,580,,,2010,11,17,1,V2026.01.13,Reece,,,,,,,,,,,,,,,,,,,
Niger,436,,,2010,2,18,2,V2026.01.13,Tucker,Need to be fact checked,Niger 2010 Coup Attempt,,,,,,,,,,,,,,,,,
Honduras,91,,,2009,6,28,2,V2026.01.13,Tucker,Need to be fact checked,Honduras 2009 Coup Attempt,,,,,,,,,,,,,,,,,
Madagascar,580,,,2009,3,17,2,V2026.01.13,Reece,Drafting,,,,,,,,,,,,,,,,,,
Guinea,438,,,2008,12,23,2,V2026.01.13,Tucker,Need to be fact checked,Guinea 2008 Coup Attempt,,,,,,,,,,,,,,,,,
Guinea-Bissau,404,,,2008,11,23,1,V2026.01.13,Tucker,Need to be fact checked,Guinea-Bissau 2008 Coup Attempt,,,,,,,,,,,,,,,,,
Mauritania,435,,,2008,8,6,2,V2026.01.13,Tucker,Need to be fact checked,Mauritania 2008 Coup Attempt,,,,,,,,,,,,,,,,,
Chad,483,,,2006,3,13,1,V2026.01.13,Tucker,Need to be fact checked,Chad 2006 Coup Attempt,,,,,,,,,,,,,,,,,
Fiji,950,,,2006,12,5,2,V2026.01.13,Reece,Need to be fact checked,Fiji 12-5-06,,,,,,,,,,,,,,,,,
Thailand,800,,,2006,9,19,2,V2026.01.13,Reece,Need to be fact checked,Thailand 9-19-06,,,,,,,,,,,,,,,,,
Mauritania,435,,,2005,8,3,2,V2026.01.13,Reece,Need to be fact checked,Mauritania 8-3-2005.docx,,,,,,,,,,,,,,,,,
Togo,461,,,2005,2,5,2,V2026.01.13,Reece,Need to be fact checked,TOGO 2-5-2005.docx,,,,,,,,,,,,,,,,,
Democratic Republic of the Congo,490,,,2004,3,28,1,V2026.01.13,Reece,Need to be fact checked,need to find,,,,,,,,,,,,,,,,,
Democratic Republic of the Congo,490,,,2004,6,11,1,V2026.01.13,Reece,Need to be fact checked,need to find,,,,,,,,,,,,,,,,,
Central African Republic,482,,,2003,3,15,2,V2026.01.13,Reece,Need to be fact checked,CAR 3-15-2003.docx,,,,,,,,,,,,,,,,,
Guinea-Bissau,404,,,2003,9,14,2,V2026.01.13,Reece,Need to be fact checked,need to find,,,,,,,,,,,,,,,,,
Mauritania,435,,,2003,6,8,1,V2026.01.13,Reece,Need to be fact checked,need to find,,,,,,,,,,,,,,,,,
Sao Tome and Principe,403,,,2003,7,16,2,V2026.01.13,Reece,Need to be fact checked,Sao Tome and Principe 7-16-2003.docx,,,,,,,,,,,,,,,,,
Ivory Coast,437,,,2002,9,19,1,V2026.01.13,Reece,,,,,,,,,,,,,,,,,,,
Venezuela,101,,,2002,4,12,1,V2026.01.13,Reece,Need to be fact checked,Venezuela 4-11-2002.docx,,,,,,,,,,,,,,,,,
Burundi,516,,,2001,4,18,1,V2026.01.13,Reece,,,,,,,,,,,,,,,,,,,
Burundi,516,,,2001,7,22,1,V2026.01.13,Reece,,,,,,,,,,,,,,,,,,,
Central African Republic,482,,,2001,5,28,1,V2026.01.13,Reece,,,,,,,,,,,,,,,,,,,
Ivory Coast,437,,,2001,1,6,1,V2026.01.13,Reece,Research,,,,,,,,,,,,,,,,,,
Comoros,581,,,2000,3,21,1,V2026.01.13,Reece,,,,,,,,,,,,,,,,,,,
Djibouti,522,,,2000,12,7,1,V2026.01.13,Reece,,,,,,,,,,,,,,,,,,,
Ecuador,130,,,2000,1,21,1,V2026.01.13,Reece,,,,,,,,,,,,,,,,,,,
Fiji,950,,,2000,5,29,2,V2026.01.13,Tucker,Need to be fact checked,Fiji 2000 Coup Attempt.docx,,,,,,,,,,,,,,,,,
Guinea-Bissau,404,,,2000,11,23,1,V2026.01.13,Reece,,,,,,,,,,,,,,,,,,,
Ivory Coast,437,,,2000,9,18,1,V2026.01.13,Reece,,,,,,,,,,,,,,,,,,,
Paraguay,150,,,2000,5,18,1,V2026.01.13,Reece,,,,,,,,,,,,,,,,,,,
Peru,135,,,2000,10,30,1,V2026.01.13,Reece,,,,,,,,,,,,,,,,,,,
Comoros,581,,,1999,4,30,2,V2026.01.13,Tucker,Need to be fact checked,Comoros 1999 coup attempt,,,,,,,,,,,,,,,,,
Guinea-Bissau,404,,,1999,5,7,2,V2026.01.13,Tucker,Need to be fact checked,Guinea Bissau 1999 Coup Attempt,,,,,,,,,,,,,,,,,
Honduras,91,,,1999,7,30,1,V2026.01.13,,,,,,,,,,,,,,,,,,,,
Ivory Coast,437,,,1999,12,24,2,V2026.01.13,Tucker,Need to be fact checked,Ivory Coast 1999 Coup Attempt,,,,,,,,,,,,,,,,,
Niger,436,,,1999,4,9,2,V2026.01.13,Tucker,Need to be fact checked,Niger 1999 Coup Attempt,,,,,,,,,,,,,,,,,
Pakistan,770,,,1999,10,12,2,V2026.01.13,Reece,Need to be fact checked,Pakistan_Oct12_1999 (1).docx,,,,,,,,,,,,,,,,,
Guinea-Bissau,404,,,1998,6,7,1,V2026.01.13,Reece,Need to be fact checked,GuineaBissau_Jun7_1998 - Copy.docx,,,,,,,,,,,,,,,,,
Cambodia,811,,,1997,7,5,2,V2026.01.13,Reece,Need to be fact checked,Cambodia_Jul5_1997.docx,,,,,,,,,,,,,,,,,
Sierra Leone,451,,,1997,5,25,2,V2026.01.13,Reece,Need to be fact checked,SierraLeone_May25_1997 - Copy.docx,,,,,,,,,,,,,,,,,
Zambia,551,,,1997,10,28,1,V2026.01.13,Reece,Need to be fact checked,Zambia_Oct28_1997.docx,,,,,,,,,,,,,,,,,
Bangladesh,771,,,1996,5,20,1,V2026.01.13,Reece,Need to be fact checked,Bangladesh_May20_1996.docx,,,,,,,,,,,,,,,,,
Burundi,516,,,1996,7,25,2,V2026.01.13,Reece,Need to be fact checked,Burundi_Jul25_1996_1.docx,,,,,,,,,,,,,,,,,
Guinea,438,,,1996,2,3,1,V2026.01.13,Reece,Need to be fact checked,1996-02-03_Guinea_Feb3_1996.docx,,,,,,,,,,,,,,,,,
Niger,436,,,1996,1,27,2,V2026.01.13,Reece,Need to be fact checked,1996-01-27_Niger_Jan27_1996.docx,,,,,,,,,,,,,,,,,
Qatar,694,,,1996,2,20,1,V2026.01.13,Reece,Need to be fact checked,need to find,,,,,,,,,,,,,,,,,
Sierra Leone,451,,,1996,1,16,2,V2026.01.13,Reece,Need to be fact checked,1996-01-16_SierraLeone_Jan16_1996.docx,,,,,,,,,,,,,,,,,
Azerbaijan,373,,,1995,3,13,1,V2026.01.13,Reece,Need to be fact checked,1995-03-13_Azerbaijan_Mar13_1995.docx,,,,,,,,,,,,,,,,,
Iraq,645,,,1995,6,15,1,V2026.01.13,Reece,Need to be fact checked,1995-06-15_Iraq_Jun15_1995.docx,,,,,,,,,,,,,,,,,
Qatar,694,,,1995,6,27,2,V2026.01.13,Reece,Need to be fact checked,1995-06-27_Qatar_Jun27_1995.docx,,,,,,,,,,,,,,,,,
Sao Tome and Principe,403,,,1995,8,15,1,V2026.01.13,Reece,Need to be fact checked,1995-08-15_SaoTome_Aug15_1995.docx,,,,,,,,,,,,,,,,,
Sierra Leone,451,,,1995,10,2,1,V2026.01.13,Reece,Need to be fact checked,1995-10-02_SierraLeone_Oct2_1995.docx,,,,,,,,,,,,,,,,,
Azerbaijan,373,,,1994,10,4,1,V2026.01.13,Reece,Need to be fact checked,1994-10-04_Azerbaijan_Oct4_1994.docx,,,,,,,,,,,,,,,,,
Gambia,420,,,1994,7,23,2,V2026.01.13,Reece,Need to be fact checked,1994-07-23_Gambia_Jul23_1994.docx,,,,,,,,,,,,,,,,,
Gambia,420,,,1994,11,11,1,V2026.01.13,Reece,Need to be fact checked,1994-11-11_Gambia_Nov11_1994.docx,,,,,,,,,,,,,,,,,
Lesotho,570,,,1994,8,17,2,V2026.01.13,Reece,Need to be fact checked,1994-08-17_Lesotho_Aug17_1994.docx,,,,,,,,,,,,,,,,,
Liberia,450,,,1994,9,15,1,V2026.01.13,Reece,Need to be fact checked,1994-09-15_Liberia_Sep15_1994.docx,,,,,,,,,,,,,,,,,
Rwanda,517,,,1994,4,7,2,V2026.01.13,Reece,Need to be fact checked,https://luky-my.sharepoint.com/:w:/g/personal/rgha234_uky_edu/IQB8YK4V6JfqTb571qH_RR7VAXiO5c60tQhq6BaYA3bQ_eY?e=JJvmHU,,,,,,,,,,,,,,,,,
Burundi,516,,,1993,7,3,1,V2026.01.13,Reece,Need to be fact checked,1993-07-03_REVISED_Burundi_Jul3_1993.docx,,,,,,,,,,,,,,,,,
Burundi,516,,,1993,10,21,1,V2026.01.13,Reece,Need to be fact checked,1993-10-21_REVISED_Burundi_Oct21_1993.docx,,,,,,,,,,,,,,,,,
Chad,483,,,1993,1,27,    ,V2026.01.13,Reece,Need to be fact checked,need to find,,,,,,,,,,,,,,,,,
Libya,620,,,1993,10,23,1,V2026.01.13,Reece,Need to be fact checked,1993-10-23_REVISED_Libya_Oct23_1993.docx,,,,,,,,,,,,,,,,,
Nigeria,475,,,1993,11,17,2,V2026.01.13,Reece,Need to be fact checked,1993-11-17_REVISED_Nigeria_Nov17_1993.docx,,,,,,,,,,,,,,,,,
Afghanistan,700,,,1992,4,15,2,V2026.01.13,Tucker,,,,,,,,,,,,,,,,,,,
Algeria,615,,,1992,1,11,2,V2026.01.13,Tucker,,,,,,,,,,,,,,,,,,,
Comoros,581,,,1992,9,26,1,V2026.01.13,Tucker,,,,,,,,,,,,,,,,,,,
Iraq,645,,,1992,6,15,1,V2026.01.13,Tucker,,,,,,,,,,,,,,,,,,,
Madagascar,580,,,1992,7,29,1,V2026.01.13,Reece,Need to be fact checked,1992-07-29_REVISED_Madagascar_Jul29_1992.docx,,,,,,,,,,,,,,,,,
Peru,135,,,1992,11,13,1,V2026.01.13,Reece,Need to be fact checked,1992-04-05_REVISED_Peru_Apr5_1992.docx,,,,,,,,,,,,,,,,,
Sierra Leone,451,,,1992,4,30,2,V2026.01.13,Reece,Need to be fact checked,1992-04-29_REVISED_SierraLeone_Apr29_1992.docx,,,,,,,,,,,,,,,,,
Sierra Leone,451,,,1992,12,29,1,V2026.01.13,Reece,Need to be fact checked,need to find,,,,,,,,,,,,,,,,,
Venezuela,101,,,1992,2,4,1,V2026.01.13,Reece,Need to be fact checked,1992-02-04_REVISED_Venezuela_Feb4_1992.docx,,,,,,,,,,,,,,,,,
Venezuela,101,,,1992,11,27,1,V2026.01.13,Reece,Need to be fact checked,1992-11-27_REVISED_Venezuela_Nov27_1992.docx,,,,,,,,,,,,,,,,,
Chad,483,,,1991,10,13,1,V2026.01.13,,,,,,,,,,,,,,,,,,,,
Comoros,581,,,1991,8,3,1,V2026.01.13,,,,,,,,,,,,,,,,,,,,
Haiti,41,,,1991,1,7,1,V2026.01.13,,,,,,,,,,,,,,,,,,,,
Haiti,41,,,1991,9,30,2,V2026.01.13,,,,,,,,,,,,,,,,,,,,
Iraq,645,,,1991,9,23,1,V2026.01.13,,,,,,,,,,,,,,,,,,,,
Lesotho,570,,,1991,4,30,2,V2026.01.13,,,,,,,,,,,,,,,,,,,,
Mali,432,,,1991,3,26,2,V2026.01.13,,,,,,,,,,,,,,,,,,,,
Mali,432,,,1991,7,14,1,V2026.01.13,,,,,,,,,,,,,,,,,,,,
Russia,365,,364,1991,8,21,1,V2026.01.13,,,,,,,,,,,,,,,,,,,,
Thailand,800,,,1991,2,23,2,V2026.01.13,,,,,,,,,,,,,,,,,,,,
Togo,461,,,1991,10,1,1,V2026.01.13,,,,,,,,,,,,,,,,,,,,
Togo,461,,,1991,10,7,1,V2026.01.13,,,,,,,,,,,,,,,,,,,,
Togo,461,,,1991,11,28,1,V2026.01.13,,,,,,,,,,,,,,,,,,,,
Togo,461,,,1991,12,15,1,V2026.01.13,,,,,,,,,,,,,,,,,,,,
Afghanistan,700,,,1990,3,7,1,V2026.01.13,,,,,,,,,,,,,,,,,,,,
Nigeria,475,,,1990,4,22,1,V2026.01.13,,,,,,,,,,,,,,,,,,,,
Papua New Guinea,910,,,1990,3,14,1,V2026.01.13,,,,,,,,,,,,,,,,,,,,
Philippines,840,,,1990,10,4,1,V2026.01.13,,,,,,,,,,,,,,,,,,,,
Zambia,551,,,1990,6,30,1,V2026.01.13,,,,,,,,,,,,,,,,,,,,
Chad,483,,,1989,4,1,1,V2026.01.13,,,,,,,,,,,,,,,,,,,,
Comoros,581,,,1989,11,26,2,V2026.01.13,,,,,,,,,,,,,,,,,,,,
Ethiopia,530,,,1989,5,16,1,V2026.01.13,,,,,,,,,,,,,,,,,,,,
Guatemala,90,,,1989,5,9,1,V2026.01.13,,,,,,,,,,,,,,,,,,,,
Haiti,41,,,1989,4,2,1,V2026.01.13,,,,,,,,,,,,,,,,,,,,
Haiti,41,,,1989,4,5,1,V2026.01.13,,,,,,,,,,,,,,,,,,,,
Panama,95,,,1989,10,3,1,V2026.01.13,Tucker,Need to be reviewed ,Panama 1989 Coup Attempt,~30 min,,,,,,,,,,,,,,,,
Paraguay,150,,,1989,2,3,2,V2026.01.13,,,,,,,,,,,,,,,,,,,,
Philippines,840,,,1989,12,1,1,V2026.01.13,,,,,,,,,,,,,,,,,,,,
Sudan,625,,,1989,6,30,2,V2026.01.13,,,,,,,,,,,,,,,,,,,,
Argentina,160,,,1988,12,2,1,V2026.01.13,,,,,,,,,,,,,,,,,,,,
Guatemala,90,,,1988,5,11,1,V2026.01.13,,,,,,,,,,,,,,,,,,,,
Haiti,41,,,1988,6,20,2,V2026.01.13,,,,,,,,,,,,,,,,,,,,
Haiti,41,,,1988,9,18,2,V2026.01.13,,,,,,,,,,,,,,,,,,,,
Myanmar,775,,,1988,9,18,2,V2026.01.13,,,,,,,,,,,,,,,,,,,,
Panama,95,,,1988,3,16,1,V2026.01.13,Tucker,Need to be reviewed ,Panama 1988 Coup Attempt.docx,< 1hr,,,,,,,,,,,,,,,,
Burkina Faso,439,,,1987,10,15,2,V2026.01.13,,,,,,,,,,,,,,,,,,,,
Burundi,516,,,1987,9,3,2,V2026.01.13,,,,,,,,,,,,,,,,,,,,
Comoros,581,,,1987,11,30,1,V2026.01.13,,,,,,,,,,,,,,,,,,,,
Fiji,950,,,1987,5,14,2,V2026.01.13,,,,,,,,,,,,,,,,,,,,
Philippines,840,,,1987,1,27,1,V2026.01.13,,,,,,,,,,,,,,,,,,,,
Philippines,840,,,1987,8,27,1,V2026.01.13,,,,,,,,,,,,,,,,,,,,
Sierra Leone,451,,,1987,3,23,1,V2026.01.13,,,,,,,,,,,,,,,,,,,,
Tunisia,616,,,1987,11,7,2,V2026.01.13,,,,,,,,,,,,,,,,,,,,
United Arab Emirates,696,,,1987,6,16,1,V2026.01.13,,,,,,,,,,,,,,,,,,,,
Ecuador,130,,,1986,3,8,1,V2026.01.13,,,,,,,,,,,,,,,,,,,,
Equatorial Guinea,411,,,1986,7,19,1,V2026.01.13,,,,,,,,,,,,,,,,,,,,
Haiti,41,,,1986,2,7,2,V2026.01.13,,,,,,,,,,,,,,,,,,,,
Lesotho,570,,,1986,1,20,2,V2026.01.13,,,,,,,,,,,,,,,,,,,,
Philippines,840,,,1986,7,6,1,V2026.01.13,,,,,,,,,,,,,,,,,,,,
Yemen People's Republic; S. Yemen,680,,,1986,1,13,2,V2026.01.13,,,,,,,,,,,,,,,,,,,,
Comoros,581,,,1985,3,8,1,V2026.01.13,,,,,,,,,,,,,,,,,,,,
Guinea,438,,,1985,7,4,1,V2026.01.13,,,,,,,,,,,,,,,,,,,,
Liberia,450,,,1985,4,1,1,V2026.01.13,,,,,,,,,,,,,,,,,,,,
Liberia,450,,,1985,11,12,1,V2026.01.13,,,,,,,,,,,,,,,,,,,,
Nigeria,475,,,1985,8,27,2,V2026.01.13,,,,,,,,,,,,,,,,,,,,
Sudan,625,,,1985,4,6,2,V2026.01.13,,,,,,,,,,,,,,,,,,,,
Thailand,800,,,1985,9,9,1,V2026.01.13,,,,,,,,,,,,,,,,,,,,
Uganda,500,,,1985,7,27,2,V2026.01.13,,,,,,,,,,,,,,,,,,,,
Bolivia,145,,,1984,6,30,1,V2026.01.13,,,,,,,,,,,,,,,,,,,,
Cameroon,471,,,1984,4,6,1,V2026.01.13,,,,,,,,,,,,,,,,,,,,
Ghana,452,,,1984,3,23,1,V2026.01.13,,,,,,,,,,,,,,,,,,,,
Guinea,438,,,1984,4,3,2,V2026.01.13,,,,,,,,,,,,,,,,,,,,
Mauritania,435,,,1984,12,12,2,V2026.01.13,,,,,,,,,,,,,,,,,,,,
Burkina Faso,439,,,1983,8,4,2,V2026.01.13,,,,,,,,,,,,,,,,,,,,
Ghana,452,,,1983,6,19,1,V2026.01.13,,,,,,,,,,,,,,,,,,,,
Grenada,55,,,1983,10,14,2,V2026.01.13,Reece,Drafting,Grenada 1983,1.5 hours,,,,,,,,,,,,,,,,
Guatemala,90,,,1983,8,8,2,V2026.01.13,,,,,,,,,,,,,,,,,,,,
Niger,436,,,1983,10,5,1,V2026.01.13,,,,,,,,,,,,,,,,,,,,
Nigeria,475,,,1983,12,31,2,V2026.01.13,,,,,,,,,,,,,,,,,,,,
Swaziland,572,,,1983,8,10,2,V2026.01.13,,,,,,,,,,,,,,,,,,,,
Bangladesh,771,,,1982,3,24,2,V2026.01.13,,,,,,,,,,,,,,,,,,,,
Burkina Faso,439,,,1982,11,7,2,V2026.01.13,,,,,,,,,,,,,,,,,,,,
Ghana,452,,,1982,11,23,1,V2026.01.13,,,,,,,,,,,,,,,,,,,,
Guatemala,90,,,1982,3,23,2,V2026.01.13,,,,,,,,,,,,,,,,,,,,
Kenya,501,,,1982,8,1,1,V2026.01.13,,,,,,,,,,,,,,,,,,,,
Mauritania,435,,,1982,2,6,1,V2026.01.13,,,,,,,,,,,,,,,,,,,,
Syria,652,,,1982,1,31,1,V2026.01.13,,,,,,,,,,,,,,,,,,,,
Bangladesh,771,,,1981,5,30,1,V2026.01.13,,,,,,,,,,,,,,,,,,,,
Bolivia,145,,,1981,5,15,1,V2026.01.13,,,,,,,,,,,,,,,,,,,,
Bolivia,145,,,1981,5,25,1,V2026.01.13,,,,,,,,,,,,,,,,,,,,
Bolivia,145,,,1981,6,27,1,V2026.01.13,,,,,,,,,,,,,,,,,,,,
Bolivia,145,,,1981,8,3,2,V2026.01.13,,,,,,,,,,,,,,,,,,,,
Central African Republic,482,,,1981,9,1,2,V2026.01.13,,,,,,,,,,,,,,,,,,,,
Dominica,54,,,1981,12,19,1,V2026.01.13,,,,,,,,,,,,,,,,,,,,
Gambia,420,,,1981,7,29,1,V2026.01.13,,,,,,,,,,,,,,,,,,,,
Ghana,452,,,1981,12,31,2,V2026.01.13,,,,,,,,,,,,,,,,,,,,
Spain,230,,,1981,2,23,1,V2026.01.13,Tucker,Need to be reviewed ,Spain 1981 Coup Attempt.docx,,,,,,,,,,,,,,,,,
Thailand,800,,,1981,4,1,1,V2026.01.13,,,,,,,,,,,,,,,,,,,,
Bolivia,145,,,1980,7,17,2,V2026.01.13,,,,,,,,,,,,,,,,,,,,
Burkina Faso,439,,,1980,11,25,2,V2026.01.13,,,,,,,,,,,,,,,,,,,,
Guinea-Bissau,404,,,1980,11,15,2,V2026.01.13,,,,,,,,,,,,,,,,,,,,
Liberia,450,,,1980,4,12,2,V2026.01.13,,,,,,,,,,,,,,,,,,,,
Mauritania,435,,,1980,1,4,2,V2026.01.13,,,,,,,,,,,,,,,,,,,,
Suriname,115,,,1980,2,25,2,V2026.01.13,,,,,,,,,,,,,,,,,,,,
Suriname,115,,,1980,8,15,2,V2026.01.13,,,,,,,,,,,,,,,,,,,,
Turkey,640,,,1980,9,10,2,V2026.01.13,,,,,,,,,,,,,,,,,,,,
Uganda,500,,,1980,5,11,2,V2026.01.13,,,,,,,,,,,,,,,,,,,,
Zambia,551,,,1980,10,16,1,V2026.01.13,,,,,,,,,,,,,,,,,,,,
Bolivia,145,,,1979,10,11,1,V2026.01.13,,,,,,,,,,,,,,,,,,,,
Bolivia,145,,,1979,11,1,2,V2026.01.13,,,,,,,,,,,,,,,,,,,,
El Salvador,92,,,1979,10,15,2,V2026.01.13,,,,,,,,,,,,,,,,,,,,
Equatorial Guinea,411,,,1979,8,3,2,V2026.01.13,,,,,,,,,,,,,,,,,,,,
Ghana,452,,,1979,5,15,1,V2026.01.13,,,,,,,,,,,,,,,,,,,,
Ghana,452,,,1979,6,4,2,V2026.01.13,,,,,,,,,,,,,,,,,,,,
Grenada,55,,,1979,3,13,2,V2026.01.13,Reece,Drafting,Grenada 1979,1.5 hours,,,,,,,,,,,,,,,,
Afghanistan,700,,,1978,4,27,2,V2026.01.13,,,,,,,,,,,,,,,,,,,,
Bolivia,145,,,1978,7,21,2,V2026.01.13,,,,,,,,,,,,,,,,,,,,
Bolivia,145,,,1978,11,24,2,V2026.01.13,,,,,,,,,,,,,,,,,,,,
Cambodia,811,,,1978,5,15,1,V2026.01.13,,,,,,,,,,,,,,,,,,,,
Comoros,581,,,1978,5,12,2,V2026.01.13,,,,,,,,,,,,,,,,,,,,
Ghana,452,,,1978,7,5,2,V2026.01.13,,,,,,,,,,,,,,,,,,,,
Honduras,91,,,1978,8,7,2,V2026.01.13,,,,,,,,,,,,,,,,,,,,
Mali,432,,,1978,2,15,1,V2026.01.13,,,,,,,,,,,,,,,,,,,,
Mauritania,435,,,1978,7,10,2,V2026.01.13,,,,,,,,,,,,,,,,,,,,
Somalia,520,,,1978,4,9,1,V2026.01.13,,,,,,,,,,,,,,,,,,,,
Yemen Arab Republic; N. Yemen,678,,,1978,10,15,1,V2026.01.13,,,,,,,,,,,,,,,,,,,,
Yemen People's Republic; S. Yemen,680,,,1978,6,26,2,V2026.01.13,,,,,,,,,,,,,,,,,,,,
Angola,540,,,1977,5,27,1,V2026.01.13,,,,,,,,,,,,,,,,,,,,
Bangladesh,771,,,1977,10,2,1,V2026.01.13,,,,,,,,,,,,,,,,,,,,
Chad,483,,,1977,4,1,1,V2026.01.13,,,,,,,,,,,,,,,,,,,,
Ethiopia,530,,,1977,2,3,2,V2026.01.13,,,,,,,,,,,,,,,,,,,,
Honduras,91,,,1977,10,21,1,V2026.01.13,,,,,,,,,,,,,,,,,,,,
Pakistan,770,,,1977,7,5,2,V2026.01.13,,,,,,,,,,,,,,,,,,,,
Seychelles,591,,,1977,6,5,2,V2026.01.13,,,,,,,,,,,,,,,,,,,,
Sudan,625,,,1977,2,3,1,V2026.01.13,,,,,,,,,,,,,,,,,,,,
Thailand,800,,,1977,3,26,1,V2026.01.13,,,,,,,,,,,,,,,,,,,,
Thailand,800,,,1977,10,20,2,V2026.01.13,,,,,,,,,,,,,,,,,,,,
Argentina,160,,,1976,3,24,2,V2026.01.13,,,,,,,,,,,,,,,,,,,,
Burundi,516,,,1976,11,1,2,V2026.01.13,,,,,,,,,,,,,,,,,,,,
Central African Republic,482,,,1976,2,5,1,V2026.01.13,,,,,,,,,,,,,,,,,,,,
Ecuador,130,,,1976,1,11,2,V2026.01.13,,,,,,,,,,,,,,,,,,,,
Lebanon,660,,,1976,3,12,1,V2026.01.13,Reece,Research,,,,,,,,,,,,,,,,,,
Myanmar,775,,,1976,7,2,1,V2026.01.13,,,,,,,,,,,,,,,,,,,,
Niger,436,,,1976,3,15,1,V2026.01.13,,,,,,,,,,,,,,,,,,,,
Nigeria,475,,,1976,2,13,1,V2026.01.13,,,,,,,,,,,,,,,,,,,,
Sudan,625,,,1976,7,2,1,V2026.01.13,,,,,,,,,,,,,,,,,,,,
Thailand,800,,,1976,10,6,2,V2026.01.13,,,,,,,,,,,,,,,,,,,,
Uruguay,165,,,1976,6,12,2,V2026.01.13,,,,,,,,,,,,,,,,,,,,
Argentina,160,,,1975,12,18,1,V2026.01.13,,,,,,,,,,,,,,,,,,,,
Argentina,160,,,1975,12,23,1,V2026.01.13,,,,,,,,,,,,,,,,,,,,
Bangladesh,771,,,1975,8,15,2,V2026.01.13,,,,,,,,,,,,,,,,,,,,
Bangladesh,771,,,1975,11,7,2,V2026.01.13,,,,,,,,,,,,,,,,,,,,
Benin,434,,,1975,1,21,1,V2026.01.13,,,,,,,,,,,,,,,,,,,,
Chad,483,,,1975,4,13,2,V2026.01.13,,,,,,,,,,,,,,,,,,,,
Comoros,581,,,1975,8,3,2,V2026.01.13,,,,,,,,,,,,,,,,,,,,
Ecuador,130,,,1975,9,1,1,V2026.01.13,,,,,,,,,,,,,,,,,,,,
Honduras,91,,,1975,4,22,2,V2026.01.13,,,,,,,,,,,,,,,,,,,,
Libya,620,,,1975,8,5,1,V2026.01.13,,,,,,,,,,,,,,,,,,,,
Mozambique,541,,,1975,12,17,1,V2026.01.13,,,,,,,,,,,,,,,,,,,,
Nigeria,475,,,1975,7,29,2,V2026.01.13,,,,,,,,,,,,,,,,,,,,
Peru,135,,,1975,8,29,2,V2026.01.13,,,,,,,,,,,,,,,,,,,,
Portugal,235,,,1975,3,11,1,V2026.01.13,,,,,,,,,,,,,,,,,,,,
Portugal,235,,,1975,11,25,1,V2026.01.13,,,,,,,,,,,,,,,,,,,,
Sudan,625,,,1975,9,5,1,V2026.01.13,,,,,,,,,,,,,,,,,,,,
Bolivia,145,,,1974,6,5,1,V2026.01.13,,,,,,,,,,,,,,,,,,,,
Burkina Faso,439,,,1974,2,8,2,V2026.01.13,,,,,,,,,,,,,,,,,,,,
Cyprus,352,,,1974,7,15,2,V2026.01.13,,,,,,,,,,,,,,,,,,,,
Ethiopia,530,,,1974,9,12,2,V2026.01.13,,,,,,,,,,,,,,,,,,,,
Madagascar,580,,,1974,12,31,1,V2026.01.13,,,,,,,,,,,,,,,,,,,,
Niger,436,,,1974,4,15,2,V2026.01.13,,,,,,,,,,,,,,,,,,,,
Portugal,235,,,1974,4,25,2,V2026.01.13,,,,,,,,,,,,,,,,,,,,
Uganda,500,,,1974,3,23,1,V2026.01.13,,,,,,,,,,,,,,,,,,,,
Uganda,500,,,1974,11,11,1,V2026.01.13,,,,,,,,,,,,,,,,,,,,
Yemen Arab Republic; N. Yemen,678,,,1974,6,13,2,V2026.01.13,,,,,,,,,,,,,,,,,,,,
Afghanistan,700,,,1973,7,17,2,V2026.01.13,,,,,,,,,,,,,,,,,,,,
Chile,155,,,1973,6,29,1,V2026.01.13,,,,,,,,,,,,,,,,,,,,
Chile,155,,,1973,9,11,2,V2026.01.13,,,,,,,,,,,,,,,,,,,,
Greece,350,,,1973,11,25,2,V2026.01.13,,,,,,,,,,,,,,,,,,,,
Iraq,645,,,1973,6,30,1,V2026.01.13,,,,,,,,,,,,,,,,,,,,
Laos,812,,,1973,8,20,1,V2026.01.13,,,,,,,,,,,,,,,,,,,,
Rwanda,517,,,1973,7,5,2,V2026.01.13,,,,,,,,,,,,,,,,,,,,
Uruguay,165,,,1973,2,10,2,V2026.01.13,,,,,,,,,,,,,,,,,,,,
Benin,434,,,1972,2,23,1,V2026.01.13,,,,,,,,,,,,,,,,,,,,
Benin,434,,,1972,10,26,2,V2026.01.13,,,,,,,,,,,,,,,,,,,,
Congo,484,,,1972,2,22,1,V2026.01.13,,,,,,,,,,,,,,,,,,,,
Ecuador,130,,,1972,2,15,2,V2026.01.13,,,,,,,,,,,,,,,,,,,,
El Salvador,92,,,1972,3,25,1,V2026.01.13,,,,,,,,,,,,,,,,,,,,
Ghana,452,,,1972,1,13,2,V2026.01.13,,,,,,,,,,,,,,,,,,,,
Honduras,91,,,1972,12,4,2,V2026.01.13,,,,,,,,,,,,,,,,,,,,
Morocco,600,,,1972,8,16,1,V2026.01.13,,,,,,,,,,,,,,,,,,,,
Qatar,694,,,1972,2,22,2,V2026.01.13,,,,,,,,,,,,,,,,,,,,
United Arab Emirates,696,,,1972,1,25,1,V2026.01.13,,,,,,,,,,,,,,,,,,,,
Argentina,160,,,1971,3,22,2,V2026.01.13,,,,,,,,,,,,,,,,,,,,
Argentina,160,,,1971,10,8,1,V2026.01.13,,,,,,,,,,,,,,,,,,,,
Bolivia,145,,,1971,1,10,1,V2026.01.13,,,,,,,,,,,,,,,,,,,,
Bolivia,145,,,1971,8,22,2,V2026.01.13,,,,,,,,,,,,,,,,,,,,
Morocco,600,,,1971,7,10,1,V2026.01.13,,,,,,,,,,,,,,,,,,,,
Pakistan,770,,769,1971,12,19,2,V2026.01.13,,,,,,,,,,,,,,,,,,,,
Sierra Leone,451,,,1971,3,23,1,V2026.01.13,,,,,,,,,,,,,,,,,,,,
Sudan,625,,,1971,7,19,1,V2026.01.13,,,,,,,,,,,,,,,,,,,,
Turkey,640,,,1971,3,12,2,V2026.01.13,,,,,,,,,,,,,,,,,,,,
Uganda,500,,,1971,1,25,2,V2026.01.13,,,,,,,,,,,,,,,,,,,,
Argentina,160,,,1970,6,8,2,V2026.01.13,,,,,,,,,,,,,,,,,,,,
Bolivia,145,,,1970,10,6,2,V2026.01.13,,,,,,,,,,,,,,,,,,,,
Cambodia,811,,,1970,3,18,2,V2026.01.13,,,,,,,,,,,,,,,,,,,,
Congo,484,,,1970,3,22,1,V2026.01.13,,,,,,,,,,,,,,,,,,,,
Haiti,41,,,1970,4,24,1,V2026.01.13,,,,,,,,,,,,,,,,,,,,
Iraq,645,,,1970,1,20,1,V2026.01.13,,,,,,,,,,,,,,,,,,,,
Oman,698,,,1970,7,26,2,V2026.01.13,,,,,,,,,,,,,,,,,,,,
Syria,652,,,1970,11,13,2,V2026.01.13,,,,,,,,,,,,,,,,,,,,
Benin,434,,,1969,12,10,2,V2026.01.13,,,,,,,,,,,,,,,,,,,,
Bolivia,145,,,1969,9,26,2,V2026.01.13,,,,,,,,,,,,,,,,,,,,
Brazil,140,,,1969,8,31,2,V2026.01.13,,,,,,,,,,,,,,,,,,,,
Congo,484,,,1969,11,8,1,V2026.01.13,,,,,,,,,,,,,,,,,,,,
Equatorial Guinea,411,,,1969,3,5,1,V2026.01.13,,,,,,,,,,,,,,,,,,,,
Libya,620,,,1969,9,1,2,V2026.01.13,,,,,,,,,,,,,,,,,,,,
Panama,95,,,1969,12,14,1,V2026.01.13,Tucker,Need to be reviewed ,Panama 1969 Coup Attempt,,Want to re look at with more sources?,https://www.taylorfrancis.com/chapters/edit/10.4324/9780203058664-150/panama-torrijos-coup-1969-david-macmichael,,,,,,,,,,,,,,
Somalia,520,,,1969,10,21,2,V2026.01.13,,,,,,,,,,,,,,,,,,,,
Sudan,625,,,1969,5,25,2,V2026.01.13,,,,,,,,,,,,,,,,,,,,
Syria,652,,,1969,3,1,2,V2026.01.13,,,,,,,,,,,,,,,,,,,,
Congo,484,,,1968,8,3,1,V2026.01.13,,,,,,,,,,,,,,,,,,,,
Congo,484,,,1968,9,4,2,V2026.01.13,,,,,,,,,,,,,,,,,,,,
Iraq,645,,,1968,7,17,2,V2026.01.13,,,,,,,,,,,,,,,,,,,,
Mali,432,,,1968,11,19,2,V2026.01.13,,,,,,,,,,,,,,,,,,,,
Panama,95,,,1968,10,12,2,V2026.01.13,Tucker,Need to be reviewed ,Panama 1968 Coup Attempt.docx,,,,,,,,,,,,,,,,,
Peru,135,,,1968,10,3,2,V2026.01.13,,,,,,,,,,,,,,,,,,,,
Sierra Leone,451,,,1968,4,18,2,V2026.01.13,,,,,,,,,,,,,,,,,,,,
Syria,652,,,1968,8,11,1,V2026.01.13,,,,,,,,,,,,,,,,,,,,
Yemen People's Republic; S. Yemen,680,,,1968,3,20,1,V2026.01.13,,,,,,,,,,,,,,,,,,,,
Yemen People's Republic; S. Yemen,680,,,1968,8,31,1,V2026.01.13,,,,,,,,,,,,,,,,,,,,
Algeria,615,,,1967,12,14,1,V2026.01.13,,,,,,,,,,,,,,,,,,,,
Benin,434,,,1967,12,17,2,V2026.01.13,,,,,,,,,,,,,,,,,,,,
Ghana,452,,,1967,4,17,1,V2026.01.13,,,,,,,,,,,,,,,,,,,,
Greece,350,,,1967,4,21,2,V2026.01.13,,,,,,,,,,,,,,,,,,,,
Greece,350,,,1967,12,13,1,V2026.01.13,,,,,,,,,,,,,,,,,,,,
Sierra Leone,451,,,1967,3,21,1,V2026.01.13,,,,,,,,,,,,,,,,,,,,
Sierra Leone,451,,,1967,3,23,2,V2026.01.13,,,,,,,,,,,,,,,,,,,,
Togo,461,,,1967,1,13,2,V2026.01.13,,,,,,,,,,,,,,,,,,,,
Yemen Arab Republic; N. Yemen,678,,,1967,11,4,2,V2026.01.13,,,,,,,,,,,,,,,,,,,,
Argentina,160,,,1966,6,28,2,V2026.01.13,,,,,,,,,,,,,,,,,,,,
Burkina Faso,439,,,1966,1,3,2,V2026.01.13,,,,,,,,,,,,,,,,,,,,
Burundi,516,,,1966,7,8,2,V2026.01.13,,,,,,,,,,,,,,,,,,,,
Burundi,516,,,1966,11,28,2,V2026.01.13,,,,,,,,,,,,,,,,,,,,
Central African Republic,482,,,1966,1,1,2,V2026.01.13,,,,,,,,,,,,,,,,,,,,
Congo,484,,,1966,6,27,1,V2026.01.13,,,,,,,,,,,,,,,,,,,,
Ecuador,130,,,1966,3,29,2,V2026.01.13,,,,,,,,,,,,,,,,,,,,
Ghana,452,,,1966,2,24,2,V2026.01.13,,,,,,,,,,,,,,,,,,,,
Indonesia,850,,,1966,3,12,2,V2026.01.13,,,,,,,,,,,,,,,,,,,,
Iraq,645,,,1966,6,30,1,V2026.01.13,,,,,,,,,,,,,,,,,,,,
Laos,812,,,1966,10,21,1,V2026.01.13,,,,,,,,,,,,,,,,,,,,
Nigeria,475,,,1966,1,15,2,V2026.01.13,,,,,,,,,,,,,,,,,,,,
Nigeria,475,,,1966,7,29,2,V2026.01.13,,,,,,,,,,,,,,,,,,,,
Sudan,625,,,1966,12,18,1,V2026.01.13,,,,,,,,,,,,,,,,,,,,
Sudan,625,,,1966,12,28,1,V2026.01.13,,,,,,,,,,,,,,,,,,,,
Syria,652,,,1966,2,23,2,V2026.01.13,,,,,,,,,,,,,,,,,,,,
Syria,652,,,1966,9,8,1,V2026.01.13,,,,,,,,,,,,,,,,,,,,
Venezuela,101,,,1966,10,30,1,V2026.01.13,,,,,,,,,,,,,,,,,,,,
Algeria,615,,,1965,6,19,2,V2026.01.13,,,,,,,,,,,,,,,,,,,,
Benin,434,,,1965,11,29,2,V2026.01.13,,,,,,,,,,,,,,,,,,,,
Benin,434,,,1965,12,22,2,V2026.01.13,,,,,,,,,,,,,,,,,,,,
Burundi,516,,,1965,10,18,1,V2026.01.13,,,,,,,,,,,,,,,,,,,,
Democratic Republic of the Congo,490,,,1965,11,25,2,V2026.01.13,,,,,,,,,,,,,,,,,,,,
Dominican Republic,42,,,1965,4,25,2,V2026.01.13,,,,,,,,,,,,,,,,,,,,
Dominican Republic,42,,,1965,11,22,1,V2026.01.13,,,,,,,,,,,,,,,,,,,,
Indonesia,850,,,1965,10,1,1,V2026.01.13,,,,,,,,,,,,,,,,,,,,
Iraq,645,,,1965,9,16,1,V2026.01.13,,,,,,,,,,,,,,,,,,,,
Laos,812,,,1965,1,31,1,V2026.01.13,,,,,,,,,,,,,,,,,,,,
Laos,812,,,1965,3,28,1,V2026.01.13,,,,,,,,,,,,,,,,,,,,
Laos,812,,,1965,4,16,1,V2026.01.13,,,,,,,,,,,,,,,,,,,,
Republic of Vietnam,817,,,1965,1,27,2,V2026.01.13,,,,,,,,,,,,,,,,,,,,
Republic of Vietnam,817,,,1965,2,19,1,V2026.01.13,,,,,,,,,,,,,,,,,,,,
Republic of Vietnam,817,,,1965,6,11,2,V2026.01.13,,,,,,,,,,,,,,,,,,,,
Algeria,615,,,1964,6,30,1,V2026.01.13,,,,,,,,,,,,,,,,,,,,
Bolivia,145,,,1964,11,3,2,V2026.01.13,,,,,,,,,,,,,,,,,,,,
Brazil,140,,,1964,3,30,2,V2026.01.13,,,,,,,,,,,,,,,,,,,,
Brazil,140,,,1964,4,1,2,V2026.01.13,,,,,,,,,,,,,,,,,,,,
Gabon,481,,,1964,2,17,1,V2026.01.13,,,,,,,,,,,,,,,,,,,,
Laos,812,,,1964,4,19,2,V2026.01.13,,,,,,,,,,,,,,,,,,,,
Republic of Vietnam,817,,,1964,1,30,2,V2026.01.13,,,,,,,,,,,,,,,,,,,,
Republic of Vietnam,817,,,1964,9,13,1,V2026.01.13,,,,,,,,,,,,,,,,,,,,
Argentina,160,,,1963,4,2,1,V2026.01.13,,,,,,,,,,,,,,,,,,,,
Benin,434,,,1963,10,28,2,V2026.01.13,,,,,,,,,,,,,,,,,,,,
Brazil,140,,,1963,9,12,1,V2026.01.13,,,,,,,,,,,,,,,,,,,,
Congo,484,,,1963,8,15,2,V2026.01.13,,,,,,,,,,,,,,,,,,,,
Dominican Republic,42,,,1963,9,25,2,V2026.01.13,,,,,,,,,,,,,,,,,,,,
Ecuador,130,,,1963,7,11,2,V2026.01.13,,,,,,,,,,,,,,,,,,,,
Guatemala,90,,,1963,3,30,2,V2026.01.13,,,,,,,,,,,,,,,,,,,,
Honduras,91,,,1963,10,3,2,V2026.01.13,,,,,,,,,,,,,,,,,,,,
Iraq,645,,,1963,2,8,2,V2026.01.13,,,,,,,,,,,,,,,,,,,,
Iraq,645,,,1963,11,18,2,V2026.01.13,,,,,,,,,,,,,,,,,,,,
Peru,135,,,1963,3,3,2,V2026.01.13,,,,,,,,,,,,,,,,,,,,
Republic of Vietnam,817,,,1963,11,1,2,V2026.01.13,,,,,,,,,,,,,,,,,,,,
Syria,652,,,1963,3,8,2,V2026.01.13,Reece,Drafting,"Syria 1963 (3/8,7/18)",3 hours,,,,,,,,,,,,,,,,
Syria,652,,,1963,7,18,1,V2026.01.13,Reece,Drafting,"Syria 1963 (3/8,7/18)",1 hour,,,,,,,,,,,,,,,,
Togo,461,,,1963,1,13,2,V2026.01.13,,,,,,,,,,,,,,,,,,,,
Turkey,640,,,1963,5,20,1,V2026.01.13,,,,,,,,,,,,,,,,,,,,
Argentina,160,,,1962,3,28,2,V2026.01.13,,,,,,,,,,,,,,,,,,,,
Argentina,160,,,1962,8,8,1,V2026.01.13,,,,,,,,,,,,,,,,,,,,
Argentina,160,,,1962,9,19,1,V2026.01.13,,,,,,,,,,,,,,,,,,,,
Dominican Republic,42,,,1962,1,16,1,V2026.01.13,,,,,,,,,,,,,,,,,,,,
Guatemala,90,,,1962,11,25,1,V2026.01.13,,,,,,,,,,,,,,,,,,,,
Myanmar,775,,,1962,3,2,2,V2026.01.13,,,,,,,,,,,,,,,,,,,,
Peru,135,,,1962,7,18,2,V2026.01.13,,,,,,,,,,,,,,,,,,,,
Portugal,235,,,1962,1,1,1,V2026.01.13,,,,,,,,,,,,,,,,,,,,
Senegal,433,,,1962,12,17,1,V2026.01.13,,,,,,,,,,,,,,,,,,,,
Syria,652,,,1962,3,28,2,V2026.01.13,Reece,Drafting,Syria 1961-62,1 hour,,,,,,,,,,,,,,,,
Turkey,640,,,1962,2,22,1,V2026.01.13,,,,,,,,,,,,,,,,,,,,
Venezuela,101,,,1962,5,4,1,V2026.01.13,,,,,,,,,,,,,,,,,,,,
Venezuela,101,,,1962,6,2,1,V2026.01.13,,,,,,,,,,,,,,,,,,,,
Yemen Arab Republic; N. Yemen,678,,,1962,9,27,2,V2026.01.13,,,,,,,,,,,,,,,,,,,,
Argentina,160,,,1961,8,11,1,V2026.01.13,,,,,,,,,,,,,,,,,,,,
Colombia,100,,,1961,10,11,1,V2026.01.13,,,,,,,,,,,,,,,,,,,,
Ecuador,130,,,1961,11,8,2,V2026.01.13,,,,,,,,,,,,,,,,,,,,
El Salvador,92,,,1961,1,25,2,V2026.01.13,,,,,,,,,,,,,,,,,,,,
Ethiopia,530,,,1961,12,14,1,V2026.01.13,,,,,,,,,,,,,,,,,,,,
Lebanon,660,,,1961,12,31,1,V2026.01.13,,,,,,,,,,,,,,,,,,,,
Somalia,520,,,1961,12,10,1,V2026.01.13,,,,,,,,,,,,,,,,,,,,
South Korea,732,,,1961,5,16,2,V2026.01.13,,,,,,,,,,,,,,,,,,,,
Syria,652,,,1961,9,28,2,V2026.01.13,Reece,Drafting,Syria 1961-62,3.5 hours,,,,,,,,,,,,,,,,
Venezuela,101,,,1961,2,20,1,V2026.01.13,,,,,,,,,,,,,,,,,,,,
Venezuela,101,,,1961,6,26,1,V2026.01.13,,,,,,,,,,,,,,,,,,,,
Argentina,160,,,1960,6,13,1,V2026.01.13,,,,,,,,,,,,,,,,,,,,
Argentina,160,,,1960,11,30,1,V2026.01.13,,,,,,,,,,,,,,,,,,,,
Bolivia,145,,,1960,3,19,1,V2026.01.13,,,,,,,,,,,,,,,,,,,,
Democratic Republic of the Congo,490,,,1960,9,14,2,V2026.01.13,,,,,,,,,,,,,,,,,,,,
El Salvador,92,,,1960,10,26,2,V2026.01.13,,,,,,,,,,,,,,,,,,,,
Ethiopia,530,,,1960,12,14,1,V2026.01.13,,,,,,,,,,,,,,,,,,,,
Guatemala,90,,,1960,11,13,1,V2026.01.13,,,,,,,,,,,,,,,,,,,,
Laos,812,,,1960,8,9,2,V2026.01.13,,,,,,,,,,,,,,,,,,,,
Laos,812,,,1960,12,8,2,V2026.01.13,,,,,,,,,,,,,,,,,,,,
Republic of Vietnam,817,,,1960,11,11,1,V2026.01.13,,,,,,,,,,,,,,,,,,,,
Turkey,640,,,1960,5,27,2,V2026.01.13,,,,,,,,,,,,,,,,,,,,
Venezuela,101,,,1960,9,12,1,V2026.01.13,,,,,,,,,,,,,,,,,,,,
Bolivia,145,,,1959,4,19,1,V2026.01.13,,,,,,,,,,,,,,,,,,,,
Brazil,140,,,1959,12,3,1,V2026.01.13,,,,,,,,,,,,,,,,,,,,
Honduras,91,,,1959,7,12,1,V2026.01.13,,,,,,,,,,,,,,,,,,,,
Iraq,645,,,1959,3,7,1,V2026.01.13,,,,,,,,,,,,,,,,,,,,
Sudan,625,,,1959,5,21,1,V2026.01.13,,,,,,,,,,,,,,,,,,,,
Sudan,625,,,1959,11,9,1,V2026.01.13,,,,,,,,,,,,,,,,,,,,
Bolivia,145,,,1958,10,21,1,V2026.01.13,,,,,,,,,,,,,,,,,,,,
Colombia,100,,,1958,5,2,1,V2026.01.13,,,,,,,,,,,,,,,,,,,,
Iraq,645,,,1958,7,14,2,V2026.01.13,,,,,,,,,,,,,,,,,,,,
Jordan,663,,,1958,7,1,1,V2026.01.13,,,,,,,,,,,,,,,,,,,,
Myanmar,775,,,1958,9,26,2,V2026.01.13,,,,,,,,,,,,,,,,,,,,
Pakistan,770,,769,1958,10,27,2,V2026.01.13,,,,,,,,,,,,,,,,,,,,
Sudan,625,,,1958,11,17,2,V2026.01.13,,,,,,,,,,,,,,,,,,,,
Thailand,800,,,1958,10,20,2,V2026.01.13,,,,,,,,,,,,,,,,,,,,
Venezuela,101,,,1958,1,1,1,V2026.01.13,,,,,,,,,,,,,,,,,,,,
Venezuela,101,,,1958,7,22,1,V2026.01.13,,,,,,,,,,,,,,,,,,,,
Venezuela,101,,,1958,9,7,1,V2026.01.13,,,,,,,,,,,,,,,,,,,,
Colombia,100,,,1957,5,10,2,V2026.01.13,,,,,,,,,,,,,,,,,,,,
Cuba,40,,,1957,9,5,1,V2026.01.13,Tucker,Need to be fact checked,Cuba 1957 Coup Attempt,,,,,,,,,,,,,,,,,
Guatemala,90,,,1957,10,24,2,V2026.01.13,,,,,,,,,,,,,,,,,,,,
Haiti,41,,,1957,4,2,2,V2026.01.13,,,,,,,,,,,,,,,,,,,,
Haiti,41,,,1957,5,21,2,V2026.01.13,,,,,,,,,,,,,,,,,,,,
Haiti,41,,,1957,6,14,2,V2026.01.13,,,,,,,,,,,,,,,,,,,,
Jordan,663,,,1957,4,13,1,V2026.01.13,,,,,,,,,,,,,,,,,,,,
Thailand,800,,,1957,9,16,2,V2026.01.13,,,,,,,,,,,,,,,,,,,,
Argentina,160,,,1956,6,9,1,V2026.01.13,,,,,,,,,,,,,,,,,,,,
Ecuador,130,,,1956,8,7,1,V2026.01.13,,,,,,,,,,,,,,,,,,,,
Haiti,41,,,1956,12,12,2,V2026.01.13,,,,,,,,,,,,,,,,,,,,
Honduras,91,,,1956,8,1,1,V2026.01.13,,,,,,,,,,,,,,,,,,,,
Honduras,91,,,1956,10,21,2,V2026.01.13,,,,,,,,,,,,,,,,,,,,
Peru,135,,,1956,2,16,1,V2026.01.13,,,,,,,,,,,,,,,,,,,,
Argentina,160,,,1955,6,16,1,V2026.01.13,,,,,,,,,,,,,,,,,,,,
Argentina,160,,,1955,9,16,2,V2026.01.13,,,,,,,,,,,,,,,,,,,,
Argentina,160,,,1955,11,13,2,V2026.01.13,,,,,,,,,,,,,,,,,,,,
Brazil,140,,,1955,11,11,2,V2026.01.13,,,,,,,,,,,,,,,,,,,,
Guatemala,90,,,1955,1,20,1,V2026.01.13,,,,,,,,,,,,,,,,,,,,
Paraguay,150,,,1955,12,21,1,V2026.01.13,,,,,,,,,,,,,,,,,,,,
Yemen Arab Republic; N. Yemen,678,,,1955,4,2,1,V2026.01.13,,,,,,,,,,,,,,,,,,,,
Ecuador,130,,,1954,12,23,1,V2026.01.13,,,,,,,,,,,,,,,,,,,,
Egypt,651,,,1954,2,27,2,V2026.01.13,,,,,,,,,,,,,,,,,,,,
Guatemala,90,,,1954,6,29,2,V2026.01.13,,,,,,,,,,,,,,,,,,,,
Paraguay,150,,,1954,5,5,2,V2026.01.13,,,,,,,,,,,,,,,,,,,,
Peru,135,,,1954,8,10,1,V2026.01.13,,,,,,,,,,,,,,,,,,,,
Syria,652,,,1954,2,25,2,V2026.01.13,,,,,,,,,,,,,,,,,,,,
Bolivia,145,,,1953,1,6,1,V2026.01.13,,,,,,,,,,,,,,,,,,,,
Colombia,100,,,1953,6,13,2,V2026.01.13,,,,,,,,,,,,,,,,,,,,
Iran,630,,,1953,8,13,2,V2026.01.13,,,,,,,,,,,,,,,,,,,,
Bolivia,145,,,1952,4,9,2,V2026.01.13,,,,,,,,,,,,,,,,,,,,
Cuba,40,,,1952,3,10,2,V2026.01.13,Tucker,Need to be fact checked,Cuba 1952 Coup Attempt.docx,,,,,,,,,,,,,,,,,
Ecuador,130,,,1952,3,3,1,V2026.01.13,,,,,,,,,,,,,,,,,,,,
Egypt,651,,,1952,7,23,2,V2026.01.13,Reece,,,,,,,,,,,,,,,,,,,
Venezuela,101,,,1952,9,29,1,V2026.01.13,,,,,,,,,,,,,,,,,,,,
Argentina,160,,,1951,9,28,1,V2026.01.13,,,,,,,,,,,,,,,,,,,,
Bolivia,145,,,1951,5,16,2,V2026.01.13,,,,,,,,,,,,,,,,,,,,
Panama,95,,,1951,5,9,2,V2026.01.13,,,,,,,,,,,,,,,,,,,,
Syria,652,,,1951,11,29,2,V2026.01.13,,,,,,,,,,,,,,,,,,,,
Thailand,800,,,1951,6,29,1,V2026.01.13,,,,,,,,,,,,,,,,,,,,
Thailand,800,,,1951,11,29,2,V2026.01.13,,Research,,,,,,,,,,,,,,,,,,
Bolivia,145,,,1950,7,22,1,V2026.01.13,,,,,,,,,,,,,,,,,,,,
Haiti,41,,,1950,5,10,2,V2026.01.13,,,,,,,,,,,,,,,,,,,,
,,,,,,,,,63,,391,106,,,,,,,,,,,,,,,,
,,,,,,,,,41,,,,,,,,,,,,,,,,,,,
,,,,,,,,,104,,,,,,,,,,,,,,,,,,,
